title,price_gbp
Patience,10.16
In Her Wake,12.84
Princess Between Worlds (Wide-Awake Princess #5),13.34
"Princess Jellyfish 2-in-1 Omnibus, Vol. 01 (Princess Jellyfish 2-in-1 Omnibus #1)",13.61
"Starving Hearts (Triangular Trade Trilogy, #1)",13.99
"Mama Tried: Traditional Italian Cooking for the Screwed, Crude, Vegan, and Tattooed",14.02
On a Midnight Clear,14.07
Untitled Collection: Sabbath Poems 2014,14.27
Obsidian (Lux #1),14.86
"Outcast, Vol. 1: A Darkness Surrounds Him (Outcast #1)",15.44
Sophie's World,15.94
Tsubasa: WoRLD CHRoNiCLE 2 (Tsubasa WoRLD CHRoNiCLE #2),16.28
The Life-Changing Magic of Tidying Up: The Japanese Art of Decluttering and Organizing,16.77
Thirst,17.27
Set Me Free,17.46
The Four Agreements: A Practical Guide to Personal Freedom,17.66
"The Coming Woman: A Novel Based on the Life of the Infamous Feminist, Victoria Woodhull",17.93
Maude (1883-1993):She Grew Up with the country,18.02
Unicorn Tracks,18.78
"Pop Gun War, Volume 1: Gift",18.97
The Torch Is Passed: A Harding Family Story,19.09
This One Summer,19.49
"In a Dark, Dark Wood",19.63
The Age of Genius: The Seventeenth Century and the Birth of the Modern Mind,19.73
Reskilling America: Learning to Labor in the Twenty-First Century,19.83
Lumberjanes Vol. 3: A Terrible Plan (Lumberjanes #9-12),19.92
"The Inefficiency Assassin: Time Management Tactics for Working Smarter, Not Longer",20.59
Shakespeare's Sonnets,20.66
In the Country We Love: My Family Divided,22.0
America's Cradle of Quarterbacks: Western Pennsylvania's Football Factory from Johnny Unitas to Joe Montana,22.5
The Boys in the Boat: Nine Americans and Their Epic Quest for Gold at the 1936 Berlin Olympics,22.6
The Requiem Red,22.65
#HigherSelfie: Wake Up Your Life. Free Your Soul. Find Your Tribe.,23.11
The Elephant Tree,23.82
Olio,23.88
"The Mindfulness and Acceptance Workbook for Anxiety: A Guide to Breaking Free from Anxiety, Phobias, and Worry Using Acceptance and Commitment Therapy",23.89
"Saga, Volume 6 (Saga (Collected Editions) #6)",25.02
Chase Me (Paris Nights #2),25.27
"Unbound: How Eight Technologies Made Us Human, Transformed Society, and Brought Our World to the Brink",25.52
Reasons to Stay Alive,26.41
