title,price_inr
The Death of Humanity: and the Case for Life,6130.605
Slow States of Collapse: Poems,6046.205
"Our Band Could Be Your Life: Scenes from the American Indie Underground, 1981-1991",6039.875
The Past Never Ends,5960.75
"The Pioneer Woman Cooks: Dinnertime: Comfort Classics, Freezer Food, 16-Minute Meals, and Other Delicious Ways to Solve Supper!",5951.254999999999
Masks and Shadows,5950.2
The Secret of Dreadwillow Carse,5921.715
The Electric Pencil: Drawings from Inside State Hospital No. 3,5914.33
Birdsong: A Story in Pictures,5764.52
Sapiens: A Brief History of Humankind,5721.264999999999
The Murder That Never Was (Forensic Instincts #5),5708.605
Judo: Seven Steps to Black Belt (an Introductory Guide for Beginners),5686.45
Tipping the Velvet,5669.570000000001
Aladdin and His Wonderful Lamp,5605.215
Scott Pilgrim's Precious Little Life (Scott Pilgrim #1),5516.595
Behind Closed Doors,5509.21
The Black Maria,5501.825
A Light in the Attic,5461.735000000001
Libertarianism for Beginners,5415.315
"Saga, Volume 5 (Saga (Collected Editions) #5)",5384.72
"Rat Queens, Vol. 3: Demons (Rat Queens (Collected Editions) #11-15)",5317.2
"We Love You, Charlie Freeman",5303.485000000001
Soumission,5285.55
"The Bulletproof Diet: Lose up to a Pound a Day, Reclaim Energy and Focus, Upgrade Your Life",5174.775
orange: The Complete Collection 1 (orange: The Complete Collection #1),5107.254999999999
Sharp Objects,5045.01
Private Paris (Private #10),5022.855
"Lumberjanes, Vol. 2: Friendship to the Max (Lumberjanes #5-8)",4949.004999999999
Online Marketing for Busy Authors: A Step-By-Step Guide,4889.925
"Lumberjanes, Vol. 1: Beware the Kitten Holy (Lumberjanes #1-4)",4811.855
The Natural History of Us (The Fine Art of Pretending #2),4770.71
It's Only the Himalayas,4765.435
Without Borders (Wanderlove #1),4754.885
Wall and Piece,4660.99
"Unseen City: The Majesty of Pigeons, the Discreet Charm of Snails & Other Wonders of the Urban Wilderness",4660.99
The Most Perfect Thing: Inside (and Outside) a Bird's Egg,4532.28
Spark Joy: An Illustrated Master Class on the Art of Organizing and Tidying Up,4413.065
The Art Forger,4300.179999999999
Worlds Elsewhere: Journeys Around Shakespeareâs Globe,4251.65
"Layered: Baking, Building, and Styling Spectacular Cakes",4231.605
Soul Reader,4175.69
Security,4140.875
The Nameless City (The Nameless City #1),4025.8799999999997
Mesaerion: The Best Science Fiction Stories 1800-1849,3965.7450000000003
How Music Works,3937.26
The Gutsy Girl: Escapades for Your Life of Epic Adventure,3917.215
The Bear and the Piano,3891.895
"Political Suicide: Missteps, Peccadilloes, Bad Calls, Backroom Hijinx, Sordid Pasts, Rotten Breaks, and Just Plain Dumb Mistakes in the Annals of American Politics",3827.54
Join,3763.1850000000004
Rip it Up and Start Again,3694.61
Black Dust,3642.915
You can't bury them all: Poems,3547.965
My Paris Kitchen: Recipes and Stories,3520.535
The Dirty Little Secrets of Getting Your Dream Job,3517.3700000000003
Penny Maybe,3512.095
The Activist's Tao Te Ching: Ancient Advice for a Modern Revolution,3401.32
When We Collided,3351.735
Throwing Rocks at the Google Bus: How Growth Became the Enemy of Prosperity,3283.1600000000003
The Five Love Languages: How to Express Heartfelt Commitment to Your Mate,3275.775
"Foolproof Preserving: A Guide to Small Batch Jams, Jellies, Pickles, Condiments, and More: A Foolproof Guide to Making Small Batch Jams, Jellies, Pickles, Condiments, and More",3219.86
Reasons to Stay Alive,2786.255
"Unbound: How Eight Technologies Made Us Human, Transformed Society, and Brought Our World to the Brink",2692.36
Chase Me (Paris Nights #2),2665.985
"Saga, Volume 6 (Saga (Collected Editions) #6)",2639.61
"The Mindfulness and Acceptance Workbook for Anxiety: A Guide to Breaking Free from Anxiety, Phobias, and Worry Using Acceptance and Commitment Therapy",2520.395
Olio,2519.3399999999997
The Elephant Tree,2513.01
#HigherSelfie: Wake Up Your Life. Free Your Soul. Find Your Tribe.,2438.105
The Requiem Red,2389.575
The Boys in the Boat: Nine Americans and Their Epic Quest for Gold at the 1936 Berlin Olympics,2384.3
America's Cradle of Quarterbacks: Western Pennsylvania's Football Factory from Johnny Unitas to Joe Montana,2373.75
In the Country We Love: My Family Divided,2321.0
Shakespeare's Sonnets,2179.63
"The Inefficiency Assassin: Time Management Tactics for Working Smarter, Not Longer",2172.245
Lumberjanes Vol. 3: A Terrible Plan (Lumberjanes #9-12),2101.5600000000004
Reskilling America: Learning to Labor in the Twenty-First Century,2092.0649999999996
The Age of Genius: The Seventeenth Century and the Birth of the Modern Mind,2081.515
"In a Dark, Dark Wood",2070.9649999999997
This One Summer,2056.1949999999997
The Torch Is Passed: A Harding Family Story,2013.995
"Pop Gun War, Volume 1: Gift",2001.3349999999998
Unicorn Tracks,1981.2900000000002
Maude (1883-1993):She Grew Up with the country,1901.11
"The Coming Woman: A Novel Based on the Life of the Infamous Feminist, Victoria Woodhull",1891.615
The Four Agreements: A Practical Guide to Personal Freedom,1863.13
Set Me Free,1842.0300000000002
Thirst,1821.985
The Life-Changing Magic of Tidying Up: The Japanese Art of Decluttering and Organizing,1769.235
Tsubasa: WoRLD CHRoNiCLE 2 (Tsubasa WoRLD CHRoNiCLE #2),1717.5400000000002
Sophie's World,1681.6699999999998
"Outcast, Vol. 1: A Darkness Surrounds Him (Outcast #1)",1628.9199999999998
Obsidian (Lux #1),1567.73
Untitled Collection: Sabbath Poems 2014,1505.485
On a Midnight Clear,1484.385
"Mama Tried: Traditional Italian Cooking for the Screwed, Crude, Vegan, and Tattooed",1479.11
"Starving Hearts (Triangular Trade Trilogy, #1)",1475.945
"Princess Jellyfish 2-in-1 Omnibus, Vol. 01 (Princess Jellyfish 2-in-1 Omnibus #1)",1435.855
Princess Between Worlds (Wide-Awake Princess #5),1407.37
In Her Wake,1354.62
Patience,1071.88
