title,rating,category_name
#HigherSelfie: Wake Up Your Life. Free Your Soul. Find Your Tribe.,5,Nonfiction
Black Dust,5,Romance
Chase Me (Paris Nights #2),5,Romance
Join,5,Science Fiction
Princess Between Worlds (Wide-Awake Princess #5),5,Fantasy
"Princess Jellyfish 2-in-1 Omnibus, Vol. 01 (Princess Jellyfish 2-in-1 Omnibus #1)",5,Sequential Art
Private Paris (Private #10),5,Fiction
Rip it Up and Start Again,5,Music
Sapiens: A Brief History of Humankind,5,History
Scott Pilgrim's Precious Little Life (Scott Pilgrim #1),5,Sequential Art
